{
	"type": "object",
	"additionalProperties": false,
	"properties": {
		"change_audit_stamps": {
			"type": ["null", "object"],
			"additionalProperties": false,
			"properties": {
				"created": {
					"type": ["null", "object"],
					"additionalProperties": false,
					"properties": {
						"time": {
							"type": ["null", "string"],
							"format": "date-time"
						}
					}
				},
				"last_modified": {
					"type": ["null", "object"],
					"additionalProperties": false,
					"properties": {
						"time": {
							"type": ["null", "string"],
							"format": "date-time"
						}
					}
				}
			}
		},
		"created_time": {
			"type": ["null", "string"],
			"format": "date-time"
		},
		"last_modified_time": {
			"type": ["null", "string"],
			"format": "date-time"
		},
		"currency": {
			"type": ["null", "string"]
		},
		"id": {
			"type": ["null", "integer"]
		},
		"name": {
			"type": ["null", "string"]
		},
		"notified_on_campaign_optimization": {
			"type": ["null", "boolean"]
		},
		"notified_on_creative_approval": {
			"type": ["null", "boolean"]
		},
		"notified_on_creative_rejection": {
			"type": ["null", "boolean"]
		},
		"notified_on_end_of_campaign": {
			"type": ["null", "boolean"]
		},
		"reference": {
			"type": ["null", "string"]
		},
		"reference_organization_id": {
			"type": ["null", "integer"]
		},
		"reference_person_id": {
			"type": ["null", "string"]
		},
		"serving_statuses": {
			"anyOf": [{
					"type": "array",
					"items": {
						"type": "string"
					}
				},
				{
					"type": "null"
				}
			]
		},
		"status": {
			"type": ["null", "string"]
		},
		"total_budget": {
			"type": ["null", "object"],
			"additionalProperties": false,
			"properties": {
				"amount": {
					"type": ["null", "number"],
					"multipleOf": 1e-08
				},
				"currency_code": {
					"type": ["null", "string"]
				}
			}
		},
		"total_budget_ends_at": {
			"type": ["null", "string"],
			"format": "date-time"
		},
		"type": {
			"type": ["null", "string"]
		},
		"version": {
			"type": ["null", "object"],
			"additionalProperties": false,
			"properties": {
				"version_tag": {
					"type": ["null", "string"]
				}
			}
		}
	}
}
