{
	"type": "object",
	"additionalProperties": false,
	"properties": {
		"targeting": {
			"type": ["null", "object"],
			"additionalProperties": false,
			"properties": {
				"included_targeting_facets": {
					"anyOf": [{
							"type": "array",
							"items": {
								"type": "object",
								"additionalProperties": false,
								"properties": {
									"type": {
										"type": ["null", "string"]
									},
									"values": {
										"anyOf": [{
												"type": "array",
												"items": {
													"type": "string"
												}
											},
											{
												"type": "null"
											}
										]
									}
								}
							}
						},
						{
							"type": "null"
						}
					]
				},
				"excluded_targeting_facets": {
					"anyOf": [{
							"type": "array",
							"items": {
								"type": "object",
								"additionalProperties": false,
								"properties": {
									"type": {
										"type": ["null", "string"]
									},
									"values": {
										"anyOf": [{
												"type": "array",
												"items": {
													"type": "string"
												}
											},
											{
												"type": "null"
											}
										]
									}
								}
							}
						},
						{
							"type": "null"
						}
					]
				}
			}
		},
		"targeting_criteria": {
			"type": ["null", "object"],
			"additionalProperties": false,
			"properties": {
				"include": {
					"type": ["null", "object"],
					"additionalProperties": false,
					"properties": {
						"and": {
							"anyOf": [{
									"type": "array",
									"items": {
										"type": "object",
										"additionalProperties": false,
										"properties": {
											"type": {
												"type": ["null", "string"]
											},
											"values": {
												"anyOf": [{
														"type": "array",
														"items": {
															"type": "string"
														}
													},
													{
														"type": "null"
													}
												]
											}
										}
									}
								},
								{
									"type": "null"
								}
							]
						}
					}
				},
				"exclude": {
					"anyOf": [{
							"type": "array",
							"items": {
								"type": "object",
								"additionalProperties": false,
								"properties": {
									"type": {
										"type": ["null", "string"]
									},
									"values": {
										"anyOf": [{
												"type": "array",
												"items": {
													"type": "string"
												}
											},
											{
												"type": "null"
											}
										]
									}
								}
							}
						},
						{
							"type": "null"
						}
					]
				}
			}
		},
		"serving_statuses": {
			"anyOf": [{
					"type": "array",
					"items": {
						"type": "string"
					}
				},
				{
					"type": "null"
				}
			]
		},
		"type": {
			"type": ["null", "string"]
		},
		"locale": {
			"type": ["null", "object"],
			"additionalProperties": false,
			"properties": {
				"country": {
					"type": ["null", "string"]
				},
				"language": {
					"type": ["null", "string"]
				}
			}
		},
		"version": {
			"type": ["null", "object"],
			"additionalProperties": false,
			"properties": {
				"version_tag": {
					"type": ["null", "string"]
				}
			}
		},
		"associated_entity": {
			"type": ["null", "string"]
		},
		"associated_entity_organization_id": {
			"type": ["null", "integer"]
		},
		"associated_entity_person_id": {
			"type": ["null", "string"]
		},
		"run_schedule": {
			"type": ["null", "object"],
			"additionalProperties": false,
			"properties": {
				"start": {
					"type": ["null", "string"],
					"format": "date-time"
				},
				"end": {
					"type": ["null", "string"],
					"format": "date-time"
				}
			}
		},
		"optimization_target_type": {
			"type": ["null", "string"]
		},
		"change_audit_stamps": {
			"type": ["null", "object"],
			"additionalProperties": false,
			"properties": {
				"created": {
					"type": ["null", "object"],
					"additionalProperties": false,
					"properties": {
						"time": {
							"type": ["null", "string"],
							"format": "date-time"
						}
					}
				},
				"last_modified": {
					"type": ["null", "object"],
					"additionalProperties": false,
					"properties": {
						"time": {
							"type": ["null", "string"],
							"format": "date-time"
						}
					}
				}
			}
		},
		"created_time": {
			"type": ["null", "string"],
			"format": "date-time"
		},
		"last_modified_time": {
			"type": ["null", "string"],
			"format": "date-time"
		},
		"campaign_group": {
			"type": ["null", "string"]
		},
		"campaign_group_id": {
			"type": ["null", "integer"]
		},
		"daily_budget": {
			"type": ["null", "object"],
			"additionalProperties": false,
			"properties": {
				"amount": {
					"type": ["null", "number"],
					"multipleOf": 1e-08
				},
				"currency_code": {
					"type": ["null", "string"]
				}
			}
		},
		"unit_cost": {
			"type": ["null", "object"],
			"additionalProperties": false,
			"properties": {
				"amount": {
					"type": ["null", "number"],
					"multipleOf": 1e-08
				},
				"currency_code": {
					"type": ["null", "string"]
				}
			}
		},
		"creative_selection": {
			"type": ["null", "string"]
		},
		"cost_type": {
			"type": ["null", "string"]
		},
		"name": {
			"type": ["null", "string"]
		},
		"offsite_delivery_enabled": {
			"type": ["null", "boolean"]
		},
		"id": {
			"type": ["null", "integer"]
		},
		"audience_expansion_enabled": {
			"type": ["null", "boolean"]
		},
		"account": {
			"type": ["null", "string"]
		},
		"account_id": {
			"type": ["null", "integer"]
		},
		"status": {
			"type": ["null", "string"]
		}
	}
}
