{
	"type": "object",
	"additionalProperties": false,
	"properties": {
		"run_schedule": {
			"type": ["null", "object"],
			"additionalProperties": false,
			"properties": {
				"start": {
					"type": ["null", "string"],
					"format": "date-time"
				},
				"end": {
					"type": ["null", "string"],
					"format": "date-time"
				}
			}
		},
		"change_audit_stamps": {
			"type": ["null", "object"],
			"additionalProperties": false,
			"properties": {
				"created": {
					"type": ["null", "object"],
					"additionalProperties": false,
					"properties": {
						"time": {
							"type": ["null", "string"],
							"format": "date-time"
						}
					}
				},
				"last_modified": {
					"type": ["null", "object"],
					"additionalProperties": false,
					"properties": {
						"time": {
							"type": ["null", "string"],
							"format": "date-time"
						}
					}
				}
			}
		},
		"created_time": {
			"type": ["null", "string"],
			"format": "date-time"
		},
		"last_modified_time": {
			"type": ["null", "string"],
			"format": "date-time"
		},
		"name": {
			"type": ["null", "string"]
		},
		"serving_statuses": {
			"anyOf": [{
					"type": "array",
					"items": {
						"type": "string"
					}
				},
				{
					"type": "null"
				}
			]
		},
		"backfilled": {
			"type": ["null", "boolean"]
		},
		"id": {
			"type": ["null", "integer"]
		},
		"account": {
			"type": ["null", "string"]
		},
		"account_id": {
			"type": ["null", "integer"]
		},
		"status": {
			"type": ["null", "string"]
		}
	}
}
