{
	"type": "object",
	"additionalProperties": false,
	"properties": {
		"campaign": {
			"type": ["null", "string"]
		},
		"campaign_id": {
			"type": ["null", "integer"]
		},
		"change_audit_stamps": {
			"type": ["null", "object"],
			"additionalProperties": false,
			"properties": {
				"created": {
					"type": ["null", "object"],
					"additionalProperties": false,
					"properties": {
						"time": {
							"type": ["null", "string"],
							"format": "date-time"
						}
					}
				},
				"last_modified": {
					"type": ["null", "object"],
					"additionalProperties": false,
					"properties": {
						"time": {
							"type": ["null", "string"],
							"format": "date-time"
						}
					}
				}
			}
		},
		"created_time": {
			"type": ["null", "string"],
			"format": "date-time"
		},
		"last_modified_time": {
			"type": ["null", "string"],
			"format": "date-time"
		},
		"id": {
			"type": ["null", "integer"]
		},
		"reference": {
			"type": ["null", "string"]
		},
		"reference_share_id": {
			"type": ["null", "integer"]
		},
		"review": {
			"type": ["null", "object"],
			"additionalProperties": false,
			"properties": {
				"review_status": {
					"type": ["null", "string"]
				}
			}
		},
		"status": {
			"type": ["null", "string"]
		},
		"type": {
			"type": ["null", "string"]
		},
		"variables": {
			"type": ["null", "object"],
			"additionalProperties": false,
			"properties": {
				"click_uri": {
					"type": ["null", "string"]
				},
				"type": {
					"type": ["null", "string"]
				},
				"values": {
					"anyOf": [{
							"type": "array",
							"items": {
								"type": "object",
								"additionalProperties": false,
								"properties": {
									"key": {
										"type": ["null", "string"]
									},
									"value": {
										"type": ["null", "string"]
									}
								}
							}
						},
						{
							"type": "null"
						}
					]
				}
			}
		},
		"version": {
			"type": ["null", "object"],
			"additionalProperties": false,
			"properties": {
				"version_tag": {
					"type": ["null", "string"]
				}
			}
		}
	}
}
