{
	"type": "object",
	"additionalProperties": false,
	"properties": {
		"account": {
			"type": ["null", "string"]
		},
		"account_id": {
			"type": ["null", "integer"]
		},
		"change_audit_stamps": {
			"type": ["null", "object"],
			"additionalProperties": false,
			"properties": {
				"created": {
					"type": ["null", "object"],
					"additionalProperties": false,
					"properties": {
						"time": {
							"type": ["null", "string"],
							"format": "date-time"
						}
					}
				},
				"last_modified": {
					"type": ["null", "object"],
					"additionalProperties": false,
					"properties": {
						"time": {
							"type": ["null", "string"],
							"format": "date-time"
						}
					}
				}
			}
		},
		"created_time": {
			"type": ["null", "string"],
			"format": "date-time"
		},
		"last_modified_time": {
			"type": ["null", "string"],
			"format": "date-time"
		},
		"content_reference": {
			"type": ["null", "string"]
		},
		"content_reference_ucg_post_id": {
			"type": ["null", "integer"]
		},
		"content_reference_share_id": {
			"type": ["null", "integer"]
		},
		"name": {
			"type": ["null", "string"]
		},
		"owner": {
			"type": ["null", "string"]
		},
		"owner_organization_id": {
			"type": ["null", "integer"]
		},
		"type": {
			"type": ["null", "string"]
		}
	}
}
